query	has_internal_stop	first_internal_pos_nt	cds_length	ref_id	aa_mag_len	aa_ref_len	length_ratio	is_pseudogene
MRSS_00001	0	NaN	1641	WP_011410703.1	546.0	547.0	0.9981718464351006	False
MRSS_00002	0	NaN	1458	WP_011411573.1	485.0	487.0	0.995893223819302	False
MRSS_00003	0	NaN	1578	WP_011411572.1	525.0	525.0	1.0	False
MRSS_00004	0	NaN	1539	WP_011411719.1	512.0	506.0	1.0118577075098814	False
MRSS_00005	0	NaN	1098	WP_148203579.1	365.0	365.0	1.0	False
MRSS_00006	0	NaN	213	WP_011412201.1	70.0	309.0	0.2265372168284789	True
MRSS_00007	0	NaN	402	WP_011412201.1	133.0	309.0	0.43042071197411	True
MRSS_00008	0	NaN	879	WP_011411550.1	292.0	292.0	1.0	False
MRSS_00009	0	NaN	294	WP_011411549.1	97.0	349.0	0.2779369627507163	True
MRSS_00010	0	NaN	516	WP_011410699.1	171.0	171.0	1.0	False
MRSS_00011	0	NaN	1407	WP_011411944.1	468.0	468.0	1.0	False
MRSS_00012	0	NaN	1896	WP_011412211.1	631.0	629.0	1.0031796502384738	False
MRSS_00013	0	NaN	447	WP_011411679.1	148.0	148.0	1.0	False
MRSS_00014	0	NaN	1482	WP_011411258.1	493.0	470.0	1.048936170212766	False
MRSS_00015	0	NaN	339	WP_011411438.1	112.0	300.0	0.3733333333333333	True
MRSS_00016	0	NaN	1911	WP_011410272.1	636.0	636.0	1.0	False
MRSS_00017	0	NaN	1128	WP_011410273.1	375.0	374.0	1.002673796791444	False
MRSS_00018	0	NaN	1164	WP_011410274.1	387.0	398.0	0.9723618090452262	False
MRSS_00019	0	NaN	846	WP_011411681.1	281.0	281.0	1.0	False
MRSS_00020	0	NaN	195	WP_011410900.1	64.0	312.0	0.2051282051282051	True
MRSS_00021	0	NaN	858	WP_011411823.1	285.0	285.0	1.0	False
MRSS_00022	0	NaN	987	WP_011410068.1	328.0	328.0	1.0	False
MRSS_00023	0	NaN	429	WP_011410331.1	142.0	363.0	0.3911845730027548	True
MRSS_00024	0	NaN	315	WP_011410331.1	104.0	363.0	0.2865013774104683	True
MRSS_00025	0	NaN	285	WP_011411392.1	94.0	94.0	1.0	False
MRSS_00026	0	NaN	159	WP_011410831.1	52.0	679.0	0.0765832106038291	True
MRSS_00027	0	NaN	1680	WP_011410831.1	559.0	679.0	0.8232695139911634	False
MRSS_00028	0	NaN	234	WP_011412224.1	77.0	317.0	0.2429022082018927	True
MRSS_00029	0	NaN	642	WP_011410082.1	213.0	213.0	1.0	False
MRSS_00030	0	NaN	399	WP_011410081.1	132.0	130.0	1.015384615384615	False
MRSS_00031	0	NaN	429	WP_011410080.1	142.0	142.0	1.0	False
MRSS_00032	0	NaN	174	WP_083764717.1	57.0	210.0	0.2714285714285714	True
MRSS_00033	0	NaN	264	WP_011410275.1	87.0	87.0	1.0	False
MRSS_00034	0	NaN	453	WP_011410211.1	150.0	150.0	1.0	False
MRSS_00035	0	NaN	228	WP_011410210.1	75.0	75.0	1.0	False
MRSS_00036	0	NaN	318	WP_041867358.1	105.0	105.0	1.0	False
MRSS_00037	0	NaN	390	WP_011410208.1	129.0	131.0	0.9847328244274808	False
MRSS_00038	0	NaN	189	WP_050747355.1	62.0	67.0	0.9253731343283582	False
MRSS_00039	0	NaN	855	WP_011411817.1	284.0	284.0	1.0	False
MRSS_00040	0	NaN	810	WP_011411818.1	269.0	269.0	1.0	False
MRSS_00041	0	NaN	843	WP_011411819.1	280.0	282.0	0.9929078014184396	False
MRSS_00042	0	NaN	1083	WP_011411820.1	360.0	360.0	1.0	False
MRSS_00043	0	NaN	1050	WP_011410851.1	349.0	361.0	0.9667590027700832	False
MRSS_00044	0	NaN	1095	WP_041866638.1	364.0	360.0	1.011111111111111	False
MRSS_00045	0	NaN	510	WP_011411604.1	169.0	169.0	1.0	False
MRSS_00046	0	NaN	318	WP_011410498.1	105.0	105.0	1.0	False
MRSS_00047	0	NaN	726	WP_011410499.1	241.0	239.0	1.00836820083682	False
MRSS_00048	0	NaN	480	WP_011410500.1	159.0	158.0	1.0063291139240509	False
MRSS_00049	0	NaN	1434	WP_011410967.1	477.0	473.0	1.0084566596194504	False
MRSS_00050	0	NaN	285	WP_011411617.1	94.0	191.0	0.4921465968586387	True
MRSS_00051	0	NaN	1896	WP_011411613.1	631.0	599.0	1.0534223706176962	False
MRSS_00052	0	NaN	987	WP_011411612.1	328.0	328.0	1.0	False
MRSS_00053	0	NaN	681	WP_011411611.1	226.0	226.0	1.0	False
MRSS_00054	0	NaN	876	WP_011411610.1	291.0	301.0	0.9667774086378738	False
MRSS_00055	0	NaN	471	WP_011410222.1	156.0	156.0	1.0	False
MRSS_00056	0	NaN	126	WP_011410631.1	41.0	299.0	0.1371237458193979	True
MRSS_00057	0	NaN	1662	WP_011410234.1	553.0	643.0	0.8600311041990669	False
MRSS_00058	0	NaN	1365	WP_011411959.1	454.0	454.0	1.0	False
MRSS_00059	0	NaN	1362	WP_011410525.1	453.0	453.0	1.0	False
MRSS_00060	0	NaN	219	WP_002211347.1	72.0	72.0	1.0	False
MRSS_00061	0	NaN	258	WP_011411525.1	85.0	85.0	1.0	False
MRSS_00062	0	NaN	1728	WP_011411526.1	575.0	575.0	1.0	False
MRSS_00063	0	NaN	510	WP_011411527.1	169.0	169.0	1.0	False
MRSS_00064	0	NaN	1743	WP_050747920.1	580.0	563.0	1.030195381882771	False
MRSS_00065	0	NaN	3750	WP_011410216.1	1249.0	1274.0	0.9803767660910518	False
MRSS_00066	0	NaN	753	WP_011410731.1	250.0	250.0	1.0	False
MRSS_00067	0	NaN	468	WP_011412178.1	155.0	288.0	0.5381944444444444	True
MRSS_00068	0	NaN	324	WP_011410741.1	107.0	164.0	0.6524390243902439	True
MRSS_00069	0	NaN	705	WP_011410742.1	234.0	1155.0	0.2025974025974026	True
MRSS_00070	0	NaN	204	WP_041867078.1	67.0	67.0	1.0	False
MRSS_00071	0	NaN	207	WP_011411296.1	68.0	160.0	0.425	True
MRSS_00072	0	NaN	528	WP_011410218.1	175.0	175.0	1.0	False
MRSS_00073	0	NaN	477	WP_011411710.1	158.0	175.0	0.9028571428571428	False
MRSS_00074	0	NaN	456	WP_011411537.1	151.0	151.0	1.0	False
MRSS_00075	0	NaN	861	WP_041867589.1	286.0	262.0	1.0916030534351144	False
MRSS_00076	0	NaN	381	WP_011411607.1	126.0	126.0	1.0	False
MRSS_00077	0	NaN	243	WP_011411608.1	80.0	243.0	0.3292181069958848	True
MRSS_00078	0	NaN	294	WP_011411657.1	97.0	542.0	0.1789667896678966	True
MRSS_00079	0	NaN	978	WP_011410173.1	325.0	325.0	1.0	False
MRSS_00080	0	NaN	3321	WP_011410174.1	1106.0	1096.0	1.0091240875912408	False
MRSS_00081	0	NaN	888	WP_011410175.1	295.0	295.0	1.0	False
MRSS_00082	0	NaN	546	WP_011410177.1	181.0	181.0	1.0	False
MRSS_00083	0	NaN	540	WP_011411443.1	179.0	229.0	0.7816593886462883	False
MRSS_00084	0	NaN	1272	WP_011411444.1	423.0	421.0	1.004750593824228	False
MRSS_00085	0	NaN	921	WP_011411445.1	306.0	306.0	1.0	False
MRSS_00086	0	NaN	78	NaN	NaN	NaN	NaN	False
MRSS_00087	0	NaN	2070	WP_011411102.1	689.0	689.0	1.0	False
MRSS_00088	0	NaN	1662	WP_011410485.1	553.0	545.0	1.0146788990825688	False
MRSS_00089	0	NaN	1302	WP_011410486.1	433.0	433.0	1.0	False
MRSS_00090	0	NaN	672	WP_011410487.1	223.0	223.0	1.0	False
MRSS_00091	0	NaN	363	WP_011410488.1	120.0	120.0	1.0	False
MRSS_00092	0	NaN	948	WP_011411824.1	315.0	315.0	1.0	False
MRSS_00093	0	NaN	180	WP_011410460.1	59.0	284.0	0.2077464788732394	True
MRSS_00094	0	NaN	345	WP_011410461.1	114.0	262.0	0.4351145038167939	True
MRSS_00095	0	NaN	318	WP_011410894.1	105.0	105.0	1.0	False
MRSS_00096	0	NaN	1779	WP_011410540.1	592.0	592.0	1.0	False
MRSS_00097	0	NaN	1776	WP_011410541.1	591.0	591.0	1.0	False
MRSS_00098	0	NaN	252	WP_041867359.1	83.0	125.0	0.664	True
MRSS_00099	0	NaN	162	WP_041867666.1	53.0	245.0	0.2163265306122449	True
MRSS_00100	0	NaN	945	WP_011410225.1	314.0	323.0	0.9721362229102168	False
MRSS_00101	0	NaN	1329	WP_041866639.1	442.0	429.0	1.0303030303030305	False
MRSS_00102	0	NaN	717	WP_041867090.1	238.0	242.0	0.9834710743801652	False
MRSS_00103	0	NaN	150	WP_243466239.1	49.0	71.0	0.6901408450704225	True
MRSS_00104	0	NaN	1104	WP_011412011.1	367.0	367.0	1.0	False
MRSS_00105	0	NaN	975	WP_011412010.1	324.0	324.0	1.0	False
MRSS_00106	0	NaN	1203	WP_011412009.1	400.0	400.0	1.0	False
MRSS_00107	0	NaN	906	WP_011412008.1	301.0	301.0	1.0	False
MRSS_00108	0	NaN	177	WP_011411541.1	58.0	127.0	0.4566929133858268	True
MRSS_00109	0	NaN	1128	WP_011411542.1	375.0	375.0	1.0	False
MRSS_00110	0	NaN	672	WP_011410094.1	223.0	223.0	1.0	False
MRSS_00111	0	NaN	582	WP_011410835.1	193.0	193.0	1.0	False
MRSS_00112	0	NaN	1290	WP_011410763.1	429.0	429.0	1.0	False
MRSS_00113	0	NaN	1041	WP_011410764.1	346.0	345.0	1.0028985507246375	False
MRSS_00114	0	NaN	741	WP_011410767.1	246.0	228.0	1.0789473684210529	False
MRSS_00115	0	NaN	2163	WP_011412149.1	720.0	720.0	1.0	False
MRSS_00116	0	NaN	951	WP_011412148.1	316.0	316.0	1.0	False
MRSS_00117	0	NaN	1128	WP_011412013.1	375.0	375.0	1.0	False
MRSS_00118	0	NaN	1122	WP_011412014.1	373.0	422.0	0.8838862559241706	False
MRSS_00119	0	NaN	777	WP_011412015.1	258.0	259.0	0.996138996138996	False
MRSS_00120	0	NaN	483	WP_011412016.1	160.0	160.0	1.0	False
MRSS_00121	0	NaN	177	WP_011411553.1	58.0	492.0	0.1178861788617886	True
MRSS_00122	0	NaN	468	WP_011411552.1	155.0	155.0	1.0	False
MRSS_00123	0	NaN	237	WP_011412019.1	78.0	78.0	1.0	False
MRSS_00124	0	NaN	168	WP_011412018.1	55.0	55.0	1.0	False
MRSS_00125	0	NaN	258	WP_011410227.1	85.0	85.0	1.0	False
MRSS_00126	0	NaN	312	WP_011410226.1	103.0	103.0	1.0	False
MRSS_00127	0	NaN	171	WP_083764749.1	56.0	44.0	1.2727272727272727	False
MRSS_00128	0	NaN	210	WP_005968829.1	69.0	69.0	1.0	False
MRSS_00129	0	NaN	726	WP_011411149.1	241.0	248.0	0.9717741935483872	False
MRSS_00130	0	NaN	726	WP_011410476.1	241.0	233.0	1.034334763948498	False
MRSS_00131	0	NaN	489	WP_011410018.1	162.0	150.0	1.08	False
MRSS_00132	0	NaN	465	WP_011410017.1	154.0	144.0	1.0694444444444444	False
MRSS_00133	0	NaN	1350	WP_011410016.1	449.0	449.0	1.0	False
MRSS_00134	0	NaN	408	WP_011411924.1	135.0	146.0	0.9246575342465754	False
MRSS_00135	0	NaN	786	WP_083764638.1	261.0	293.0	0.8907849829351536	False
MRSS_00136	0	NaN	756	WP_011411092.1	251.0	255.0	0.984313725490196	False
MRSS_00137	0	NaN	972	WP_243466014.1	323.0	295.0	1.0949152542372882	False
MRSS_00138	0	NaN	1326	WP_011411093.1	441.0	441.0	1.0	False
MRSS_00139	0	NaN	963	WP_011411094.1	320.0	320.0	1.0	False
MRSS_00140	0	NaN	132	WP_011410950.1	43.0	198.0	0.2171717171717171	True
MRSS_00141	0	NaN	123	WP_011410236.1	40.0	445.0	0.0898876404494382	True
MRSS_00142	0	NaN	159	WP_011410081.1	52.0	130.0	0.4	True
MRSS_00143	0	NaN	1014	WP_011410203.1	337.0	338.0	0.9970414201183432	False
MRSS_00144	0	NaN	1254	WP_011410202.1	417.0	414.0	1.0072463768115942	False
MRSS_00145	0	NaN	135	WP_011412142.1	44.0	268.0	0.1641791044776119	True
MRSS_00146	0	NaN	306	WP_011410200.1	101.0	101.0	1.0	False
MRSS_00147	0	NaN	942	WP_011410199.1	313.0	312.0	1.0032051282051282	False
MRSS_00148	0	NaN	2070	WP_011410198.1	689.0	701.0	0.9828815977175464	False
MRSS_00149	0	NaN	1461	WP_011411692.1	486.0	419.0	1.1599045346062054	False
MRSS_00150	0	NaN	468	WP_011410196.1	155.0	161.0	0.9627329192546584	False
MRSS_00151	0	NaN	1293	WP_011411933.1	430.0	432.0	0.9953703703703703	False
MRSS_00152	1	37.0	78	NaN	NaN	NaN	NaN	True
MRSS_00153	0	NaN	87	NaN	NaN	NaN	NaN	False
MRSS_00154	1	19.0	72	NaN	NaN	NaN	NaN	True
MRSS_00155	1	19.0	75	NaN	NaN	NaN	NaN	True
MRSS_00156	0	NaN	2283	WP_011411404.1	760.0	760.0	1.0	False
MRSS_00157	0	NaN	1131	WP_011411405.1	376.0	376.0	1.0	False
MRSS_00158	0	NaN	204	WP_041867078.1	67.0	67.0	1.0	False
MRSS_00159	0	NaN	207	WP_011410900.1	68.0	312.0	0.2179487179487179	True
MRSS_00160	0	NaN	2619	WP_011411402.1	872.0	886.0	0.984198645598194	False
MRSS_00161	0	NaN	711	WP_011410771.1	236.0	236.0	1.0	False
MRSS_00162	0	NaN	873	WP_011411965.1	290.0	290.0	1.0	False
MRSS_00163	0	NaN	126	WP_011411681.1	41.0	281.0	0.1459074733096085	True
MRSS_00164	0	NaN	87	NaN	NaN	NaN	NaN	False
MRSS_00165	0	NaN	1209	WP_011410774.1	402.0	453.0	0.8874172185430463	False
MRSS_00166	0	NaN	270	WP_011410900.1	89.0	312.0	0.2852564102564102	True
MRSS_00167	0	NaN	666	WP_011410818.1	221.0	221.0	1.0	False
MRSS_00168	0	NaN	141	WP_011411440.1	46.0	189.0	0.2433862433862433	True
MRSS_00169	0	NaN	807	WP_011411217.1	268.0	268.0	1.0	False
MRSS_00170	0	NaN	1191	WP_011411218.1	396.0	396.0	1.0	False
MRSS_00171	0	NaN	1359	WP_011411219.1	452.0	452.0	1.0	False
MRSS_00172	0	NaN	999	WP_011410291.1	332.0	274.0	1.2116788321167884	False
MRSS_00173	0	NaN	402	WP_011412110.1	133.0	193.0	0.689119170984456	True
MRSS_00174	0	NaN	513	WP_011411222.1	170.0	522.0	0.3256704980842911	True
MRSS_00175	0	NaN	660	WP_011411222.1	219.0	522.0	0.4195402298850574	True
MRSS_00176	0	NaN	78	NaN	NaN	NaN	NaN	False
MRSS_00177	0	NaN	75	NaN	NaN	NaN	NaN	False
MRSS_00178	0	NaN	87	NaN	NaN	NaN	NaN	False
MRSS_00179	0	NaN	78	NaN	NaN	NaN	NaN	False
MRSS_00180	0	NaN	327	WP_011412193.1	108.0	108.0	1.0	False
MRSS_00181	0	NaN	1260	WP_011412192.1	419.0	419.0	1.0	False
MRSS_00182	0	NaN	1071	WP_011412191.1	356.0	371.0	0.9595687331536388	False
MRSS_00183	0	NaN	99	WP_011412190.1	32.0	350.0	0.0914285714285714	True
MRSS_00184	0	NaN	1881	WP_041867655.1	626.0	618.0	1.0129449838187703	False
MRSS_00185	0	NaN	3657	WP_041867656.1	1218.0	1171.0	1.040136635354398	False
MRSS_00186	0	NaN	3408	WP_011411705.1	1135.0	1132.0	1.0026501766784452	False
MRSS_00187	0	NaN	1140	WP_011411792.1	379.0	379.0	1.0	False
MRSS_00188	0	NaN	966	WP_011411791.1	321.0	326.0	0.9846625766871164	False
MRSS_00189	0	NaN	1983	WP_011411790.1	660.0	660.0	1.0	False
MRSS_00190	0	NaN	177	WP_011411789.1	58.0	297.0	0.1952861952861952	True
MRSS_00191	0	NaN	762	WP_011411789.1	253.0	297.0	0.8518518518518519	False
MRSS_00192	0	NaN	1656	WP_011411788.1	551.0	550.0	1.0018181818181815	False
MRSS_00193	0	NaN	612	WP_158302420.1	203.0	141.0	1.4397163120567376	False
MRSS_00194	0	NaN	180	WP_011410906.1	59.0	846.0	0.0697399527186761	True
MRSS_00195	0	NaN	1101	WP_011410911.1	366.0	356.0	1.0280898876404494	False
MRSS_00196	0	NaN	2583	WP_011410666.1	860.0	860.0	1.0	False
MRSS_00197	0	NaN	576	WP_011410665.1	191.0	192.0	0.9947916666666666	False
MRSS_00198	0	NaN	1032	WP_011410664.1	343.0	343.0	1.0	False
MRSS_00199	0	NaN	474	WP_041866741.1	157.0	217.0	0.7235023041474654	True
MRSS_00200	0	NaN	90	NaN	NaN	NaN	NaN	False
MRSS_00201	0	NaN	1431	WP_011410705.1	476.0	481.0	0.9896049896049895	False
MRSS_00202	0	NaN	1854	WP_011411178.1	617.0	616.0	1.0016233766233766	False
MRSS_00203	0	NaN	210	WP_424141164.1	69.0	122.0	0.5655737704918032	True
MRSS_00204	0	NaN	1479	WP_158302299.1	492.0	602.0	0.8172757475083057	False
MRSS_00205	0	NaN	390	WP_011410952.1	129.0	259.0	0.4980694980694981	True
MRSS_00206	0	NaN	891	WP_011410526.1	296.0	296.0	1.0	False
MRSS_00207	0	NaN	333	WP_011410527.1	110.0	110.0	1.0	False
MRSS_00208	0	NaN	516	WP_011410528.1	171.0	204.0	0.8382352941176471	False
MRSS_00209	0	NaN	1995	WP_011410529.1	664.0	664.0	1.0	False
MRSS_00210	0	NaN	936	WP_011410530.1	311.0	309.0	1.006472491909385	False
MRSS_00211	0	NaN	219	WP_011410455.1	72.0	180.0	0.4	True
MRSS_00212	1	34.0	78	NaN	NaN	NaN	NaN	True
MRSS_00213	0	NaN	633	WP_011411259.1	210.0	205.0	1.024390243902439	False
MRSS_00214	0	NaN	477	WP_011410231.1	158.0	158.0	1.0	False
MRSS_00215	0	NaN	1452	WP_011409985.1	483.0	483.0	1.0	False
MRSS_00216	0	NaN	312	WP_011410137.1	103.0	103.0	1.0	False
MRSS_00217	0	NaN	1896	WP_011410134.1	631.0	631.0	1.0	False
MRSS_00218	0	NaN	105	WP_158302360.1	34.0	196.0	0.173469387755102	True
MRSS_00219	0	NaN	213	WP_243466300.1	70.0	958.0	0.0730688935281837	True
MRSS_00220	0	NaN	168	WP_011410046.1	55.0	442.0	0.1244343891402715	True
MRSS_00221	0	NaN	135	WP_011409983.1	44.0	442.0	0.0995475113122171	True
MRSS_00222	0	NaN	1260	WP_011411718.1	419.0	419.0	1.0	False
MRSS_00223	0	NaN	456	WP_011411708.1	151.0	290.0	0.5206896551724138	True
MRSS_00224	0	NaN	648	WP_011410731.1	215.0	250.0	0.86	False
MRSS_00225	0	NaN	174	WP_011411592.1	57.0	431.0	0.1322505800464037	True
MRSS_00226	0	NaN	480	WP_011412116.1	159.0	361.0	0.4404432132963989	True
MRSS_00227	0	NaN	288	WP_011412116.1	95.0	361.0	0.2631578947368421	True
MRSS_00228	0	NaN	519	WP_011412117.1	172.0	173.0	0.9942196531791908	False
MRSS_00229	0	NaN	519	WP_011412057.1	172.0	171.0	1.0058479532163742	False
MRSS_00230	0	NaN	951	WP_011412058.1	316.0	316.0	1.0	False
MRSS_00231	0	NaN	1293	WP_011412059.1	430.0	433.0	0.9930715935334872	False
MRSS_00232	0	NaN	1386	WP_011412060.1	461.0	458.0	1.0065502183406114	False
MRSS_00233	0	NaN	333	WP_011412053.1	110.0	272.0	0.4044117647058823	True
MRSS_00234	0	NaN	372	WP_011412056.1	123.0	157.0	0.7834394904458599	False
MRSS_00235	0	NaN	1542	WP_011411076.1	513.0	513.0	1.0	False
MRSS_00236	0	NaN	432	WP_011411958.1	143.0	549.0	0.2604735883424408	True
MRSS_00237	0	NaN	174	WP_011412052.1	57.0	85.0	0.6705882352941176	True
MRSS_00238	0	NaN	186	WP_011412053.1	61.0	272.0	0.2242647058823529	True
MRSS_00239	0	NaN	570	WP_011412054.1	189.0	190.0	0.9947368421052633	False
MRSS_00240	0	NaN	1191	WP_011411985.1	396.0	388.0	1.0206185567010309	False
MRSS_00241	0	NaN	747	WP_011411986.1	248.0	248.0	1.0	False
MRSS_00242	0	NaN	774	WP_011411988.1	257.0	255.0	1.007843137254902	False
MRSS_00243	0	NaN	759	WP_011411460.1	252.0	252.0	1.0	False
MRSS_00244	0	NaN	720	WP_011409972.1	239.0	255.0	0.9372549019607844	False
MRSS_00245	0	NaN	573	WP_041866604.1	190.0	140.0	1.3571428571428572	False
MRSS_00246	0	NaN	798	WP_011410927.1	265.0	264.0	1.003787878787879	False
MRSS_00247	0	NaN	993	WP_011410926.1	330.0	332.0	0.993975903614458	False
MRSS_00248	0	NaN	642	WP_011410925.1	213.0	213.0	1.0	False
MRSS_00249	0	NaN	1026	WP_011410924.1	341.0	341.0	1.0	False
MRSS_00250	0	NaN	192	WP_011410923.1	63.0	265.0	0.2377358490566037	True
MRSS_00251	0	NaN	243	WP_011410293.1	80.0	968.0	0.0826446280991735	True
MRSS_00252	0	NaN	171	WP_011410916.1	56.0	56.0	1.0	False
MRSS_00253	0	NaN	213	WP_011410917.1	70.0	344.0	0.2034883720930232	True
MRSS_00254	0	NaN	954	WP_011410918.1	317.0	317.0	1.0	False
MRSS_00255	0	NaN	948	WP_011410919.1	315.0	309.0	1.019417475728155	False
MRSS_00256	0	NaN	735	WP_011410920.1	244.0	244.0	1.0	False
MRSS_00257	0	NaN	237	WP_011410921.1	78.0	78.0	1.0	False
MRSS_00258	0	NaN	954	WP_011411970.1	317.0	305.0	1.039344262295082	False
MRSS_00259	0	NaN	351	WP_011411260.1	116.0	115.0	1.008695652173913	False
MRSS_00260	0	NaN	687	WP_011411261.1	228.0	234.0	0.9743589743589745	False
MRSS_00261	0	NaN	132	WP_011410389.1	43.0	223.0	0.1928251121076233	True
MRSS_00262	0	NaN	393	WP_011410900.1	130.0	312.0	0.4166666666666667	True
MRSS_00263	0	NaN	495	WP_011411263.1	164.0	144.0	1.1388888888888888	False
MRSS_00264	0	NaN	1071	WP_011411919.1	356.0	356.0	1.0	False
MRSS_00265	0	NaN	1107	WP_011411920.1	368.0	366.0	1.005464480874317	False
MRSS_00266	0	NaN	1425	WP_011411921.1	474.0	503.0	0.9423459244532804	False
MRSS_00267	0	NaN	402	WP_011411922.1	133.0	149.0	0.8926174496644296	False
MRSS_00268	0	NaN	2874	WP_011411923.1	957.0	951.0	1.0063091482649842	False
MRSS_00269	0	NaN	90	WP_011410684.1	29.0	498.0	0.0582329317269076	True
MRSS_00270	0	NaN	1299	WP_011410205.1	432.0	432.0	1.0	False
MRSS_00271	0	NaN	2301	WP_011410206.1	766.0	764.0	1.0026178010471205	False
MRSS_00272	0	NaN	747	WP_011410207.1	248.0	245.0	1.0122448979591836	False
MRSS_00273	0	NaN	2025	WP_011409938.1	674.0	674.0	1.0	False
MRSS_00274	0	NaN	783	WP_424141131.1	260.0	41.0	6.341463414634147	False
MRSS_00275	0	NaN	183	WP_011411943.1	60.0	398.0	0.1507537688442211	True
MRSS_00276	0	NaN	966	WP_011410655.1	321.0	321.0	1.0	False
MRSS_00277	0	NaN	132	WP_243466162.1	43.0	69.0	0.6231884057971014	True
MRSS_00278	0	NaN	990	WP_011410099.1	329.0	321.0	1.0249221183800623	False
MRSS_00279	1	46.0	75	NaN	NaN	NaN	NaN	True
MRSS_00280	0	NaN	204	WP_011410839.1	67.0	378.0	0.1772486772486772	True
MRSS_00281	0	NaN	1212	WP_011410658.1	403.0	403.0	1.0	False
MRSS_00282	0	NaN	264	WP_011410657.1	87.0	87.0	1.0	False
MRSS_00283	0	NaN	660	WP_424141157.1	219.0	198.0	1.106060606060606	False
MRSS_00284	0	NaN	585	WP_011410348.1	194.0	194.0	1.0	False
MRSS_00285	0	NaN	1203	WP_011411434.1	400.0	400.0	1.0	False
MRSS_00286	0	NaN	2172	WP_011411435.1	723.0	714.0	1.012605042016807	False
MRSS_00287	0	NaN	4221	WP_011409999.1	1406.0	1406.0	1.0	False
MRSS_00288	0	NaN	4029	WP_011409998.1	1342.0	1342.0	1.0	False
MRSS_00289	0	NaN	369	WP_011409997.1	122.0	122.0	1.0	False
MRSS_00290	0	NaN	498	WP_011409996.1	165.0	165.0	1.0	False
MRSS_00291	0	NaN	705	WP_011409995.1	234.0	234.0	1.0	False
MRSS_00292	0	NaN	429	WP_011409994.1	142.0	142.0	1.0	False
MRSS_00293	0	NaN	546	WP_009639145.1	181.0	181.0	1.0	False
MRSS_00294	0	NaN	384	WP_011409993.1	127.0	127.0	1.0	False
MRSS_00295	0	NaN	1185	WP_011409992.1	394.0	394.0	1.0	False
MRSS_00296	1	4.0	78	NaN	NaN	NaN	NaN	True
MRSS_00297	1	13.0	75	NaN	NaN	NaN	NaN	True
MRSS_00298	1	37.0	84	NaN	NaN	NaN	NaN	True
MRSS_00299	1	13.0	78	NaN	NaN	NaN	NaN	True
MRSS_00300	0	NaN	1077	WP_011409991.1	358.0	316.0	1.1329113924050631	False
MRSS_00301	0	NaN	1377	WP_011411619.1	458.0	447.0	1.0246085011185682	False
MRSS_00302	0	NaN	231	WP_011410661.1	76.0	156.0	0.4871794871794871	True
MRSS_00303	0	NaN	1905	WP_011410660.1	634.0	634.0	1.0	False
MRSS_00304	0	NaN	1113	WP_011410659.1	370.0	370.0	1.0	False
MRSS_00305	0	NaN	603	WP_011410743.1	200.0	203.0	0.9852216748768472	False
MRSS_00306	1	37.0	78	NaN	NaN	NaN	NaN	True
MRSS_00307	1	46.0	1539	NaN	NaN	NaN	NaN	True
MRSS_00308	0	NaN	198	WP_243466102.1	65.0	205.0	0.3170731707317073	True
MRSS_00309	1	10.0	3000	NaN	NaN	NaN	NaN	True
MRSS_00310	0	NaN	111	NaN	NaN	NaN	NaN	False
MRSS_00311	0	NaN	78	NaN	NaN	NaN	NaN	False
MRSS_00312	0	NaN	1719	WP_011411651.1	572.0	574.0	0.9965156794425089	False
MRSS_00313	0	NaN	1116	WP_011410229.1	371.0	385.0	0.9636363636363636	False
MRSS_00314	0	NaN	1389	WP_011411307.1	462.0	462.0	1.0	False
MRSS_00315	0	NaN	1533	WP_011411308.1	510.0	510.0	1.0	False
MRSS_00316	0	NaN	585	WP_011411403.1	194.0	249.0	0.7791164658634538	False
MRSS_00317	0	NaN	1557	WP_011410671.1	518.0	292.0	1.773972602739726	False
MRSS_00318	0	NaN	963	WP_011411155.1	320.0	323.0	0.9907120743034056	False
MRSS_00319	0	NaN	801	WP_011411154.1	266.0	266.0	1.0	False
MRSS_00320	0	NaN	849	WP_041866928.1	282.0	282.0	1.0	False
MRSS_00321	0	NaN	2274	WP_011410737.1	757.0	757.0	1.0	False
MRSS_00322	0	NaN	1077	WP_011411744.1	358.0	358.0	1.0	False
MRSS_00323	0	NaN	1176	WP_011411745.1	391.0	387.0	1.0103359173126616	False
MRSS_00324	0	NaN	642	WP_011412045.1	213.0	211.0	1.009478672985782	False
MRSS_00325	0	NaN	330	WP_011410073.1	109.0	102.0	1.068627450980392	False
MRSS_00326	0	NaN	639	WP_011410072.1	212.0	211.0	1.004739336492891	False
MRSS_00327	0	NaN	447	WP_011410071.1	148.0	175.0	0.8457142857142858	False
MRSS_00328	0	NaN	783	WP_011410070.1	260.0	260.0	1.0	False
MRSS_00329	0	NaN	810	WP_011410069.1	269.0	269.0	1.0	False
MRSS_00330	0	NaN	2571	WP_011410504.1	856.0	854.0	1.0023419203747073	False
MRSS_00331	0	NaN	237	WP_011410900.1	78.0	312.0	0.25	True
MRSS_00332	0	NaN	78	NaN	NaN	NaN	NaN	False
MRSS_00333	0	NaN	1647	WP_011410169.1	548.0	548.0	1.0	False
MRSS_00334	0	NaN	294	WP_011410168.1	97.0	97.0	1.0	False
MRSS_00335	0	NaN	99	WP_011410900.1	32.0	312.0	0.1025641025641025	True
MRSS_00336	0	NaN	456	WP_011410167.1	151.0	151.0	1.0	False
MRSS_00337	0	NaN	363	WP_011410474.1	120.0	114.0	1.0526315789473684	False
MRSS_00338	0	NaN	204	WP_198408768.1	67.0	186.0	0.3602150537634409	True
MRSS_00339	0	NaN	165	WP_083764717.1	54.0	210.0	0.2571428571428571	True
MRSS_00340	0	NaN	360	WP_011410119.1	119.0	119.0	1.0	False
MRSS_00341	0	NaN	177	WP_011410118.1	58.0	209.0	0.277511961722488	True
MRSS_00342	0	NaN	1014	WP_011410117.1	337.0	339.0	0.9941002949852508	False
MRSS_00343	0	NaN	216	WP_001144069.1	71.0	71.0	1.0	False
MRSS_00344	0	NaN	1752	WP_011410116.1	583.0	582.0	1.0017182130584192	False
MRSS_00345	0	NaN	1845	WP_011410115.1	614.0	615.0	0.9983739837398374	False
MRSS_00346	0	NaN	831	WP_011410354.1	276.0	417.0	0.6618705035971223	True
MRSS_00347	0	NaN	198	WP_041866639.1	65.0	429.0	0.1515151515151515	True
MRSS_00348	0	NaN	483	WP_011410672.1	160.0	156.0	1.0256410256410255	False
MRSS_00349	0	NaN	147	WP_424141177.1	48.0	264.0	0.1818181818181818	True
MRSS_00350	0	NaN	555	WP_011411759.1	184.0	184.0	1.0	False
MRSS_00351	0	NaN	273	WP_011410900.1	90.0	312.0	0.2884615384615384	True
MRSS_00352	0	NaN	696	WP_011411757.1	231.0	231.0	1.0	False
MRSS_00353	0	NaN	1530	WP_011410670.1	509.0	509.0	1.0	False
MRSS_00354	0	NaN	444	WP_011410671.1	147.0	292.0	0.5034246575342466	True
MRSS_00355	0	NaN	822	WP_011410281.1	273.0	273.0	1.0	False
MRSS_00356	0	NaN	951	WP_011410280.1	316.0	316.0	1.0	False
MRSS_00357	0	NaN	579	WP_011410278.1	192.0	168.0	1.1428571428571428	False
MRSS_00358	0	NaN	2817	WP_011410277.1	938.0	938.0	1.0	False
MRSS_00359	0	NaN	954	WP_011410276.1	317.0	312.0	1.016025641025641	False
MRSS_00360	0	NaN	381	WP_011410078.1	126.0	127.0	0.9921259842519684	False
MRSS_00361	0	NaN	1371	WP_011410077.1	456.0	456.0	1.0	False
MRSS_00362	0	NaN	1260	WP_011410075.1	419.0	419.0	1.0	False
MRSS_00363	0	NaN	255	WP_011410074.1	84.0	84.0	1.0	False
MRSS_00364	0	NaN	78	NaN	NaN	NaN	NaN	False
MRSS_00365	0	NaN	477	WP_011410344.1	158.0	163.0	0.9693251533742332	False
MRSS_00366	0	NaN	753	WP_011410345.1	250.0	252.0	0.992063492063492	False
MRSS_00367	0	NaN	204	WP_011409963.1	67.0	307.0	0.2182410423452769	True
MRSS_00368	0	NaN	261	WP_011411656.1	86.0	86.0	1.0	False
MRSS_00369	0	NaN	1575	WP_011411657.1	524.0	542.0	0.966789667896679	False
MRSS_00370	0	NaN	951	WP_011410171.1	316.0	342.0	0.9239766081871345	False
MRSS_00371	0	NaN	567	WP_011410172.1	188.0	188.0	1.0	False
MRSS_00372	0	NaN	774	WP_011411236.1	257.0	286.0	0.8986013986013986	False
MRSS_00373	0	NaN	1341	WP_011409949.1	446.0	504.0	0.8849206349206349	False
MRSS_00374	0	NaN	858	WP_011409952.1	285.0	285.0	1.0	False
MRSS_00375	0	NaN	1098	WP_011410760.1	365.0	366.0	0.9972677595628416	False
MRSS_00376	0	NaN	222	WP_011410547.1	73.0	1054.0	0.0692599620493358	True
MRSS_00377	0	NaN	825	WP_011410291.1	274.0	274.0	1.0	False
MRSS_00378	0	NaN	2367	WP_011410290.1	788.0	780.0	1.0102564102564102	False
MRSS_00379	0	NaN	1296	WP_011410289.1	431.0	431.0	1.0	False
MRSS_00380	0	NaN	171	WP_011279223.1	56.0	305.0	0.1836065573770491	True
MRSS_00381	0	NaN	249	WP_011411774.1	82.0	217.0	0.3778801843317972	True
MRSS_00382	0	NaN	810	WP_011410287.1	269.0	272.0	0.9889705882352942	False
MRSS_00383	0	NaN	378	WP_011410286.1	125.0	125.0	1.0	False
MRSS_00384	0	NaN	822	WP_011410285.1	273.0	282.0	0.9680851063829788	False
MRSS_00385	0	NaN	486	WP_011410284.1	161.0	161.0	1.0	False
MRSS_00386	0	NaN	3219	WP_011410283.1	1072.0	1074.0	0.9981378026070764	False
MRSS_00387	0	NaN	1161	WP_011410282.1	386.0	384.0	1.0052083333333333	False
MRSS_00388	0	NaN	720	WP_011411764.1	239.0	239.0	1.0	False
MRSS_00389	0	NaN	1080	WP_011411767.1	359.0	357.0	1.0056022408963583	False
MRSS_00390	0	NaN	249	WP_011411766.1	82.0	90.0	0.9111111111111112	False
MRSS_00391	0	NaN	1092	WP_011411765.1	363.0	363.0	1.0	False
MRSS_00392	0	NaN	192	WP_011412125.1	63.0	539.0	0.1168831168831168	True
MRSS_00393	0	NaN	363	WP_011410524.1	120.0	303.0	0.396039603960396	True
MRSS_00394	0	NaN	162	WP_011410504.1	53.0	854.0	0.0620608899297423	True
MRSS_00395	0	NaN	726	WP_011410064.1	241.0	241.0	1.0	False
MRSS_00396	0	NaN	549	WP_041866547.1	182.0	180.0	1.011111111111111	False
MRSS_00397	0	NaN	597	WP_011410066.1	198.0	192.0	1.03125	False
MRSS_00398	0	NaN	288	WP_011410900.1	95.0	312.0	0.3044871794871794	True
MRSS_00399	0	NaN	480	WP_011410061.1	159.0	159.0	1.0	False
MRSS_00400	0	NaN	861	WP_011410060.1	286.0	284.0	1.0070422535211268	False
MRSS_00401	0	NaN	543	WP_011410455.1	180.0	180.0	1.0	False
MRSS_00402	0	NaN	1368	WP_243466253.1	455.0	463.0	0.9827213822894167	False
MRSS_00403	0	NaN	507	WP_011410462.1	168.0	168.0	1.0	False
MRSS_00404	0	NaN	810	WP_011412142.1	269.0	268.0	1.0037313432835822	False
MRSS_00405	0	NaN	618	WP_011410890.1	205.0	356.0	0.5758426966292135	True
MRSS_00406	0	NaN	624	WP_050747702.1	207.0	109.0	1.8990825688073396	False
MRSS_00407	0	NaN	528	WP_011411940.1	175.0	175.0	1.0	False
MRSS_00408	0	NaN	2838	WP_011411941.1	945.0	947.0	0.9978880675818372	False
MRSS_00409	0	NaN	1047	WP_011411948.1	348.0	343.0	1.0145772594752187	False
MRSS_00410	0	NaN	1104	WP_011411250.1	367.0	366.0	1.0027322404371584	False
MRSS_00411	0	NaN	924	WP_011410647.1	307.0	307.0	1.0	False
MRSS_00412	0	NaN	135	WP_011410646.1	44.0	159.0	0.2767295597484276	True
MRSS_00413	0	NaN	2574	WP_041866643.1	857.0	857.0	1.0	False
MRSS_00414	0	NaN	732	WP_011410335.1	243.0	243.0	1.0	False
MRSS_00415	0	NaN	969	WP_011410336.1	322.0	326.0	0.9877300613496932	False
MRSS_00416	0	NaN	1080	WP_011410695.1	359.0	275.0	1.3054545454545454	False
MRSS_00417	0	NaN	177	WP_011410900.1	58.0	312.0	0.1858974358974359	True
MRSS_00418	0	NaN	300	WP_070108739.1	99.0	99.0	1.0	False
MRSS_00419	0	NaN	825	WP_011411677.1	274.0	274.0	1.0	False
MRSS_00420	0	NaN	108	WP_011411678.1	35.0	129.0	0.2713178294573643	True
MRSS_00421	0	NaN	963	WP_011411990.1	320.0	320.0	1.0	False
MRSS_00422	0	NaN	390	WP_011411082.1	129.0	247.0	0.5222672064777328	True
MRSS_00423	0	NaN	363	WP_011411081.1	120.0	323.0	0.3715170278637771	True
MRSS_00424	0	NaN	246	WP_011411081.1	81.0	323.0	0.2507739938080495	True
MRSS_00425	0	NaN	180	WP_011411081.1	59.0	323.0	0.1826625386996904	True
MRSS_00426	0	NaN	825	WP_011411810.1	274.0	274.0	1.0	False
MRSS_00427	0	NaN	2265	WP_011412119.1	754.0	844.0	0.8933649289099526	False
MRSS_00428	0	NaN	1563	WP_011410514.1	520.0	520.0	1.0	False
MRSS_00429	0	NaN	576	WP_011410513.1	191.0	190.0	1.0052631578947369	False
MRSS_00430	0	NaN	72	NaN	NaN	NaN	NaN	False
MRSS_00431	0	NaN	78	NaN	NaN	NaN	NaN	False
MRSS_00432	1	37.0	93	NaN	NaN	NaN	NaN	True
MRSS_00433	0	NaN	186	WP_011410512.1	61.0	61.0	1.0	False
MRSS_00434	0	NaN	2628	WP_011410511.1	875.0	875.0	1.0	False
MRSS_00435	0	NaN	348	WP_011409963.1	115.0	307.0	0.3745928338762215	True
MRSS_00436	0	NaN	219	WP_011412100.1	72.0	72.0	1.0	False
MRSS_00437	0	NaN	2070	WP_011409877.1	689.0	689.0	1.0	False
MRSS_00438	0	NaN	876	WP_011409876.1	291.0	304.0	0.9572368421052632	False
MRSS_00439	0	NaN	885	WP_011410675.1	294.0	394.0	0.7461928934010152	True
MRSS_00440	0	NaN	189	WP_011410675.1	62.0	394.0	0.1573604060913705	True
MRSS_00441	0	NaN	312	WP_011410134.1	103.0	631.0	0.1632329635499207	True
MRSS_00442	0	NaN	381	WP_011411145.1	126.0	701.0	0.1797432239657632	True
MRSS_00443	0	NaN	723	WP_011411145.1	240.0	701.0	0.3423680456490727	True
MRSS_00444	0	NaN	171	WP_011411145.1	56.0	701.0	0.0798858773181169	True
MRSS_00445	0	NaN	1293	WP_011410723.1	430.0	430.0	1.0	False
MRSS_00446	0	NaN	519	WP_011410724.1	172.0	170.0	1.011764705882353	False
MRSS_00447	0	NaN	756	WP_011410725.1	251.0	246.0	1.0203252032520325	False
MRSS_00448	0	NaN	864	WP_011412025.1	287.0	287.0	1.0	False
MRSS_00449	0	NaN	264	WP_011409963.1	87.0	307.0	0.2833876221498371	True
MRSS_00450	0	NaN	1071	WP_011411170.1	356.0	356.0	1.0	False
MRSS_00451	0	NaN	1011	WP_011410878.1	336.0	336.0	1.0	False
MRSS_00452	0	NaN	1923	WP_011410881.1	640.0	640.0	1.0	False
MRSS_00453	0	NaN	654	WP_011410126.1	217.0	217.0	1.0	False
MRSS_00454	0	NaN	912	WP_011410769.1	303.0	303.0	1.0	False
MRSS_00455	0	NaN	111	WP_011410900.1	36.0	312.0	0.1153846153846153	True
MRSS_00456	0	NaN	1065	WP_050747797.1	354.0	84.0	4.214285714285714	False
MRSS_00457	0	NaN	633	WP_243466091.1	210.0	129.0	1.627906976744186	False
MRSS_00458	0	NaN	666	WP_050747798.1	221.0	166.0	1.3313253012048192	False
MRSS_00459	0	NaN	729	WP_011410751.1	242.0	434.0	0.5576036866359447	True
MRSS_00460	0	NaN	816	WP_011410750.1	271.0	265.0	1.0226415094339625	False
MRSS_00461	0	NaN	1026	WP_011409902.1	341.0	365.0	0.9342465753424658	False
MRSS_00462	0	NaN	492	WP_050747556.1	163.0	201.0	0.8109452736318408	False
MRSS_00463	0	NaN	1749	WP_011412221.1	582.0	458.0	1.2707423580786026	False
MRSS_00464	0	NaN	756	WP_083764893.1	251.0	424.0	0.5919811320754716	True
MRSS_00465	0	NaN	327	WP_011411156.1	108.0	454.0	0.237885462555066	True
MRSS_00466	0	NaN	1422	WP_011410124.1	473.0	481.0	0.9833679833679834	False
MRSS_00467	0	NaN	129	WP_011410123.1	42.0	937.0	0.0448239060832443	True
MRSS_00468	0	NaN	180	WP_011411753.1	59.0	187.0	0.3155080213903743	True
MRSS_00469	0	NaN	426	WP_011411754.1	141.0	141.0	1.0	False
MRSS_00470	0	NaN	1359	WP_041867161.1	452.0	451.0	1.0022172949002215	False
MRSS_00471	0	NaN	213	WP_011410889.1	70.0	203.0	0.3448275862068966	True
MRSS_00472	0	NaN	1419	WP_011411501.1	472.0	473.0	0.9978858350951374	False
MRSS_00473	1	4.0	78	NaN	NaN	NaN	NaN	True
MRSS_00474	0	NaN	78	NaN	NaN	NaN	NaN	False
MRSS_00475	0	NaN	1791	WP_011411086.1	596.0	596.0	1.0	False
MRSS_00476	0	NaN	258	WP_070108730.1	85.0	331.0	0.256797583081571	True
MRSS_00477	0	NaN	747	WP_011410859.1	248.0	251.0	0.9880478087649402	False
MRSS_00478	0	NaN	183	WP_011410858.1	60.0	60.0	1.0	False
MRSS_00479	0	NaN	1005	WP_041866934.1	334.0	332.0	1.0060240963855422	False
MRSS_00480	0	NaN	339	WP_011412205.1	112.0	112.0	1.0	False
MRSS_00481	0	NaN	816	WP_011412206.1	271.0	273.0	0.9926739926739928	False
MRSS_00482	0	NaN	1002	WP_011409875.1	333.0	333.0	1.0	False
MRSS_00483	0	NaN	270	WP_011411162.1	89.0	89.0	1.0	False
MRSS_00484	0	NaN	813	WP_011411163.1	270.0	270.0	1.0	False
MRSS_00485	0	NaN	684	WP_011411164.1	227.0	225.0	1.008888888888889	False
MRSS_00486	0	NaN	1401	WP_011410875.1	466.0	466.0	1.0	False
MRSS_00487	0	NaN	186	WP_011410465.1	61.0	151.0	0.4039735099337748	True
MRSS_00488	0	NaN	198	WP_011410600.1	65.0	462.0	0.1406926406926407	True
MRSS_00489	0	NaN	105	WP_041866902.1	34.0	77.0	0.4415584415584415	True
MRSS_00490	1	37.0	75	NaN	NaN	NaN	NaN	True
MRSS_00491	0	NaN	867	WP_011410569.1	288.0	290.0	0.993103448275862	False
MRSS_00492	0	NaN	1377	WP_011410568.1	458.0	457.0	1.0021881838074398	False
MRSS_00493	1	22.0	75	NaN	NaN	NaN	NaN	True
MRSS_00494	0	NaN	312	WP_009639175.1	103.0	103.0	1.0	False
MRSS_00495	0	NaN	630	WP_011412088.1	209.0	209.0	1.0	False
MRSS_00496	0	NaN	606	WP_011412087.1	201.0	201.0	1.0	False
MRSS_00497	0	NaN	306	WP_011412086.1	101.0	100.0	1.01	False
MRSS_00498	0	NaN	822	WP_011412085.1	273.0	273.0	1.0	False
MRSS_00499	0	NaN	279	WP_011412084.1	92.0	92.0	1.0	False
MRSS_00500	0	NaN	333	WP_011412083.1	110.0	110.0	1.0	False
MRSS_00501	0	NaN	699	WP_011412082.1	232.0	232.0	1.0	False
MRSS_00502	0	NaN	411	WP_011412081.1	136.0	136.0	1.0	False
MRSS_00503	0	NaN	198	WP_011412080.1	65.0	63.0	1.031746031746032	False
MRSS_00504	0	NaN	255	WP_011412079.1	84.0	84.0	1.0	False
MRSS_00505	0	NaN	372	WP_011412078.1	123.0	123.0	1.0	False
MRSS_00506	0	NaN	315	WP_011412077.1	104.0	104.0	1.0	False
MRSS_00507	0	NaN	561	WP_011412076.1	186.0	179.0	1.0391061452513966	False
MRSS_00508	0	NaN	306	WP_011412075.1	101.0	101.0	1.0	False
MRSS_00509	0	NaN	393	WP_011412074.1	130.0	130.0	1.0	False
MRSS_00510	0	NaN	534	WP_011412073.1	177.0	177.0	1.0	False
MRSS_00511	0	NaN	354	WP_011412072.1	117.0	117.0	1.0	False
MRSS_00512	0	NaN	501	WP_011412071.1	166.0	166.0	1.0	False
MRSS_00513	0	NaN	180	WP_011412070.1	59.0	59.0	1.0	False
MRSS_00514	0	NaN	435	WP_011412069.1	144.0	144.0	1.0	False
MRSS_00515	0	NaN	1332	WP_011412068.1	443.0	443.0	1.0	False
MRSS_00516	0	NaN	117	WP_002227352.1	38.0	38.0	1.0	False
MRSS_00517	0	NaN	357	WP_011412067.1	118.0	118.0	1.0	False
MRSS_00518	0	NaN	390	WP_011412066.1	129.0	129.0	1.0	False
MRSS_00519	0	NaN	621	WP_011412065.1	206.0	206.0	1.0	False
MRSS_00520	0	NaN	990	WP_011412064.1	329.0	329.0	1.0	False
MRSS_00521	0	NaN	396	WP_011412063.1	131.0	131.0	1.0	False
MRSS_00522	0	NaN	975	WP_011410908.1	324.0	351.0	0.9230769230769232	False
MRSS_00523	0	NaN	756	WP_011411203.1	251.0	250.0	1.004	False
MRSS_00524	0	NaN	525	WP_011411202.1	174.0	176.0	0.9886363636363636	False
MRSS_00525	0	NaN	948	WP_011410414.1	315.0	315.0	1.0	False
MRSS_00526	0	NaN	321	WP_011410415.1	106.0	106.0	1.0	False
MRSS_00527	0	NaN	939	WP_011410900.1	312.0	312.0	1.0	False
MRSS_00528	0	NaN	1773	WP_011410416.1	590.0	590.0	1.0	False
MRSS_00529	0	NaN	1488	WP_011410417.1	495.0	495.0	1.0	False
MRSS_00530	0	NaN	1362	WP_011410418.1	453.0	455.0	0.9956043956043956	False
MRSS_00531	0	NaN	1083	WP_011410419.1	360.0	360.0	1.0	False
MRSS_00532	0	NaN	1314	WP_011410420.1	437.0	438.0	0.997716894977169	False
MRSS_00533	0	NaN	1203	WP_011410421.1	400.0	400.0	1.0	False
MRSS_00534	0	NaN	1068	WP_011410422.1	355.0	355.0	1.0	False
MRSS_00535	0	NaN	1482	WP_011410423.1	493.0	490.0	1.006122448979592	False
MRSS_00536	0	NaN	834	WP_011410424.1	277.0	278.0	0.9964028776978416	False
MRSS_00537	0	NaN	1257	WP_011410425.1	418.0	418.0	1.0	False
MRSS_00538	0	NaN	1161	WP_011410426.1	386.0	386.0	1.0	False
MRSS_00539	0	NaN	927	WP_011410427.1	308.0	305.0	1.0098360655737706	False
MRSS_00540	0	NaN	528	WP_011410428.1	175.0	175.0	1.0	False
MRSS_00541	0	NaN	2712	WP_011410430.1	903.0	902.0	1.001108647450111	False
MRSS_00542	0	NaN	426	WP_011412031.1	141.0	141.0	1.0	False
MRSS_00543	0	NaN	624	WP_011412032.1	207.0	207.0	1.0	False
MRSS_00544	0	NaN	276	WP_011412033.1	91.0	91.0	1.0	False
MRSS_00545	0	NaN	2106	WP_011412034.1	701.0	702.0	0.9985754985754984	False
MRSS_00546	0	NaN	1212	WP_011411451.1	403.0	403.0	1.0	False
MRSS_00547	0	NaN	732	WP_011410566.1	243.0	239.0	1.0167364016736402	False
MRSS_00548	0	NaN	1014	WP_011410857.1	337.0	337.0	1.0	False
MRSS_00549	0	NaN	1749	WP_011410856.1	582.0	582.0	1.0	False
MRSS_00550	0	NaN	594	WP_011410900.1	197.0	312.0	0.6314102564102564	True
MRSS_00551	0	NaN	807	WP_011411191.1	268.0	268.0	1.0	False
MRSS_00552	0	NaN	1194	WP_011412272.1	397.0	428.0	0.927570093457944	False
MRSS_00553	0	NaN	87	NaN	NaN	NaN	NaN	False
MRSS_00554	0	NaN	1833	WP_011411002.1	610.0	610.0	1.0	False
MRSS_00555	0	NaN	549	WP_011411003.1	182.0	182.0	1.0	False
MRSS_00556	1	19.0	75	NaN	NaN	NaN	NaN	True
MRSS_00557	0	NaN	1470	WP_011410023.1	489.0	489.0	1.0	False
MRSS_00558	0	NaN	1893	WP_162010790.1	630.0	628.0	1.0031847133757965	False
MRSS_00559	0	NaN	645	WP_011410556.1	214.0	214.0	1.0	False
MRSS_00560	0	NaN	111	WP_198408723.1	36.0	195.0	0.1846153846153846	True
MRSS_00561	0	NaN	267	WP_011410557.1	88.0	335.0	0.2626865671641791	True
MRSS_00562	0	NaN	873	WP_011410716.1	290.0	290.0	1.0	False
MRSS_00563	0	NaN	1185	WP_011410715.1	394.0	388.0	1.0154639175257731	False
MRSS_00564	0	NaN	1161	WP_011410714.1	386.0	396.0	0.9747474747474748	False
MRSS_00565	0	NaN	2808	WP_011410713.1	935.0	935.0	1.0	False
MRSS_00566	0	NaN	396	WP_011410711.1	131.0	588.0	0.2227891156462585	True
MRSS_00567	0	NaN	105	WP_011410996.1	34.0	148.0	0.2297297297297297	True
MRSS_00568	0	NaN	612	WP_011410890.1	203.0	356.0	0.5702247191011236	True
MRSS_00569	0	NaN	1044	WP_011410020.1	347.0	347.0	1.0	False
MRSS_00570	0	NaN	948	WP_011410021.1	315.0	323.0	0.9752321981424148	False
MRSS_00571	0	NaN	489	WP_011410022.1	162.0	162.0	1.0	False
MRSS_00572	0	NaN	753	WP_011411234.1	250.0	252.0	0.992063492063492	False
MRSS_00573	0	NaN	168	WP_011410900.1	55.0	312.0	0.1762820512820513	True
MRSS_00574	0	NaN	2460	WP_011411954.1	819.0	819.0	1.0	False
MRSS_00575	0	NaN	309	WP_424141182.1	102.0	274.0	0.3722627737226277	True
MRSS_00576	0	NaN	510	WP_424141182.1	169.0	274.0	0.6167883211678832	True
MRSS_00577	0	NaN	78	NaN	NaN	NaN	NaN	False
MRSS_00578	0	NaN	195	WP_011410694.1	64.0	381.0	0.1679790026246719	True
MRSS_00579	0	NaN	1239	WP_279379468.1	412.0	156.0	2.641025641025641	False
MRSS_00580	0	NaN	501	WP_011410408.1	166.0	166.0	1.0	False
MRSS_00581	0	NaN	987	WP_011410407.1	328.0	328.0	1.0	False
MRSS_00582	0	NaN	303	WP_011410406.1	100.0	139.0	0.7194244604316546	True
MRSS_00583	0	NaN	471	WP_011410405.1	156.0	156.0	1.0	False
MRSS_00584	0	NaN	1161	WP_011410404.1	386.0	375.0	1.0293333333333334	False
MRSS_00585	0	NaN	450	WP_011410403.1	149.0	149.0	1.0	False
MRSS_00586	0	NaN	972	WP_050747925.1	323.0	303.0	1.066006600660066	False
MRSS_00587	0	NaN	1872	WP_011410401.1	623.0	615.0	1.0130081300813008	False
MRSS_00588	0	NaN	333	WP_011410400.1	110.0	110.0	1.0	False
MRSS_00589	0	NaN	1149	WP_011410399.1	382.0	382.0	1.0	False
MRSS_00590	0	NaN	1098	WP_011410398.1	365.0	353.0	1.0339943342776203	False
MRSS_00591	0	NaN	1008	WP_011411424.1	335.0	335.0	1.0	False
MRSS_00592	0	NaN	1341	WP_011411423.1	446.0	446.0	1.0	False
MRSS_00593	0	NaN	906	WP_011411422.1	301.0	300.0	1.0033333333333334	False
MRSS_00594	0	NaN	111	WP_011410906.1	36.0	846.0	0.0425531914893617	True
MRSS_00595	0	NaN	183	WP_243466234.1	60.0	348.0	0.1724137931034483	True
MRSS_00596	0	NaN	75	NaN	NaN	NaN	NaN	False
MRSS_00597	0	NaN	84	NaN	NaN	NaN	NaN	False
MRSS_00598	1	25.0	75	NaN	NaN	NaN	NaN	True
MRSS_00599	0	NaN	1941	WP_011411334.1	646.0	644.0	1.0031055900621118	False
MRSS_00600	0	NaN	1671	WP_011410263.1	556.0	554.0	1.0036101083032491	False
MRSS_00601	0	NaN	231	WP_041866838.1	76.0	112.0	0.6785714285714286	True
MRSS_00602	0	NaN	720	WP_011410900.1	239.0	312.0	0.7660256410256411	False
MRSS_00603	0	NaN	102	WP_041867024.1	33.0	152.0	0.2171052631578947	True
MRSS_00604	0	NaN	594	WP_011411230.1	197.0	199.0	0.9899497487437184	False
MRSS_00605	0	NaN	156	WP_050747478.1	51.0	119.0	0.4285714285714285	True
MRSS_00606	0	NaN	351	WP_011412129.1	116.0	73.0	1.5890410958904109	False
MRSS_00607	0	NaN	2307	WP_011411580.1	768.0	488.0	1.5737704918032789	False
MRSS_00608	0	NaN	735	WP_011410139.1	244.0	244.0	1.0	False
MRSS_00609	0	NaN	669	WP_011410953.1	222.0	222.0	1.0	False
MRSS_00610	0	NaN	708	WP_011410954.1	235.0	238.0	0.9873949579831932	False
MRSS_00611	0	NaN	732	WP_011410955.1	243.0	243.0	1.0	False
MRSS_00612	0	NaN	912	WP_011410956.1	303.0	242.0	1.2520661157024793	False
MRSS_00613	0	NaN	360	WP_011411365.1	119.0	623.0	0.1910112359550561	True
MRSS_00614	0	NaN	141	WP_011410644.1	46.0	433.0	0.1062355658198614	True
MRSS_00615	0	NaN	702	WP_011411160.1	233.0	233.0	1.0	False
MRSS_00616	0	NaN	201	WP_011410900.1	66.0	312.0	0.2115384615384615	True
MRSS_00617	0	NaN	1224	WP_011410121.1	407.0	415.0	0.980722891566265	False
MRSS_00618	0	NaN	687	WP_041866748.1	228.0	225.0	1.0133333333333334	False
MRSS_00619	0	NaN	423	WP_011410721.1	140.0	140.0	1.0	False
MRSS_00620	0	NaN	720	WP_011410722.1	239.0	294.0	0.8129251700680272	False
MRSS_00621	0	NaN	576	WP_011412132.1	191.0	191.0	1.0	False
MRSS_00622	0	NaN	1815	WP_011410409.1	604.0	620.0	0.9741935483870968	False
MRSS_00623	0	NaN	903	WP_011410520.1	300.0	300.0	1.0	False
MRSS_00624	0	NaN	243	WP_011410521.1	80.0	82.0	0.975609756097561	False
MRSS_00625	0	NaN	684	WP_011411621.1	227.0	227.0	1.0	False
MRSS_00626	0	NaN	345	WP_011410969.1	114.0	114.0	1.0	False
MRSS_00627	0	NaN	435	WP_011411999.1	144.0	143.0	1.006993006993007	False
MRSS_00628	0	NaN	447	WP_011411997.1	148.0	156.0	0.9487179487179488	False
MRSS_00629	0	NaN	1113	WP_011411398.1	370.0	377.0	0.9814323607427056	False
MRSS_00630	0	NaN	126	WP_011411445.1	41.0	306.0	0.1339869281045751	True
MRSS_00631	0	NaN	162	WP_011411504.1	53.0	329.0	0.1610942249240121	True
MRSS_00632	0	NaN	1824	WP_011411503.1	607.0	678.0	0.8952802359882006	False
MRSS_00633	0	NaN	327	WP_011409944.1	108.0	84.0	1.2857142857142858	False
MRSS_00634	0	NaN	570	WP_011411603.1	189.0	466.0	0.4055793991416309	True
MRSS_00635	0	NaN	246	WP_011411603.1	81.0	466.0	0.1738197424892703	True
MRSS_00636	0	NaN	2010	WP_011410768.1	669.0	669.0	1.0	False
MRSS_00637	0	NaN	951	WP_011411538.1	316.0	316.0	1.0	False
MRSS_00638	0	NaN	1995	WP_011411539.1	664.0	664.0	1.0	False
MRSS_00639	0	NaN	627	WP_011411733.1	208.0	405.0	0.5135802469135803	True
MRSS_00640	0	NaN	354	WP_011411733.1	117.0	405.0	0.2888888888888888	True
MRSS_00641	0	NaN	1146	WP_011411734.1	381.0	392.0	0.971938775510204	False
MRSS_00642	0	NaN	1320	WP_011411735.1	439.0	439.0	1.0	False
MRSS_00643	0	NaN	321	WP_011411737.1	106.0	109.0	0.9724770642201837	False
MRSS_00644	0	NaN	105	WP_158302414.1	34.0	145.0	0.2344827586206896	True
MRSS_00645	0	NaN	243	WP_011410889.1	80.0	203.0	0.3940886699507389	True
MRSS_00646	0	NaN	375	WP_011410532.1	124.0	105.0	1.180952380952381	False
MRSS_00647	0	NaN	1305	WP_011410533.1	434.0	434.0	1.0	False
MRSS_00648	0	NaN	624	WP_011410534.1	207.0	207.0	1.0	False
MRSS_00649	0	NaN	1275	WP_011410535.1	424.0	424.0	1.0	False
MRSS_00650	0	NaN	2361	WP_011410536.1	786.0	784.0	1.0025510204081634	False
MRSS_00651	0	NaN	273	WP_011410537.1	90.0	90.0	1.0	False
MRSS_00652	0	NaN	1908	WP_011410538.1	635.0	617.0	1.0291734197730955	False
MRSS_00653	0	NaN	693	WP_011410539.1	230.0	231.0	0.9956709956709956	False
MRSS_00654	0	NaN	996	WP_011410296.1	331.0	324.0	1.021604938271605	False
MRSS_00655	0	NaN	1617	WP_424141138.1	538.0	527.0	1.0208728652751422	False
MRSS_00656	0	NaN	699	WP_011410294.1	232.0	232.0	1.0	False
MRSS_00657	1	37.0	384	NaN	NaN	NaN	NaN	True
MRSS_00658	0	NaN	483	WP_011411628.1	160.0	160.0	1.0	False
MRSS_00659	0	NaN	435	WP_011411627.1	144.0	144.0	1.0	False
MRSS_00660	0	NaN	354	WP_011411625.1	117.0	116.0	1.0086206896551724	False
MRSS_00661	0	NaN	144	WP_011412237.1	47.0	47.0	1.0	False
MRSS_00662	0	NaN	360	WP_011412236.1	119.0	119.0	1.0	False
MRSS_00663	0	NaN	1629	WP_011412234.1	542.0	547.0	0.9908592321755028	False
MRSS_00664	0	NaN	1383	WP_011412233.1	460.0	454.0	1.013215859030837	False
MRSS_00665	0	NaN	1524	WP_011409940.1	507.0	532.0	0.9530075187969924	False
MRSS_00666	0	NaN	744	WP_011410706.1	247.0	247.0	1.0	False
MRSS_00667	0	NaN	789	WP_011411333.1	262.0	262.0	1.0	False
MRSS_00668	0	NaN	1479	WP_011412136.1	492.0	527.0	0.9335863377609108	False
MRSS_00669	0	NaN	261	WP_011412134.1	86.0	282.0	0.3049645390070922	True
MRSS_00670	0	NaN	759	WP_011412133.1	252.0	252.0	1.0	False
MRSS_00671	0	NaN	267	WP_011411319.1	88.0	523.0	0.1682600382409178	True
MRSS_00672	0	NaN	327	WP_011410897.1	108.0	108.0	1.0	False
MRSS_00673	0	NaN	1227	WP_011410259.1	408.0	407.0	1.0024570024570023	False
MRSS_00674	0	NaN	876	WP_011411623.1	291.0	292.0	0.9965753424657534	False
MRSS_00675	0	NaN	591	WP_011411622.1	196.0	195.0	1.005128205128205	False
MRSS_00676	0	NaN	2283	WP_011410138.1	760.0	757.0	1.0039630118890357	False
MRSS_00677	0	NaN	1614	WP_011409866.1	537.0	464.0	1.1573275862068966	False
MRSS_00678	0	NaN	1110	WP_011409867.1	369.0	366.0	1.0081967213114753	False
MRSS_00679	0	NaN	324	WP_011409963.1	107.0	307.0	0.3485342019543974	True
MRSS_00680	0	NaN	351	WP_011409868.1	116.0	364.0	0.3186813186813186	True
MRSS_00681	0	NaN	2415	WP_011409869.1	804.0	804.0	1.0	False
MRSS_00682	0	NaN	1176	WP_011411749.1	391.0	385.0	1.0155844155844156	False
MRSS_00683	0	NaN	1767	WP_011410887.1	588.0	583.0	1.0085763293310464	False
MRSS_00684	0	NaN	519	WP_011410886.1	172.0	172.0	1.0	False
MRSS_00685	0	NaN	165	WP_011410514.1	54.0	520.0	0.1038461538461538	True
MRSS_00686	0	NaN	1293	WP_011410745.1	430.0	430.0	1.0	False
MRSS_00687	0	NaN	1449	WP_011410478.1	482.0	478.0	1.00836820083682	False
MRSS_00688	0	NaN	1044	WP_011411573.1	347.0	487.0	0.7125256673511293	True
MRSS_00689	0	NaN	969	WP_011410740.1	322.0	322.0	1.0	False
MRSS_00690	0	NaN	627	WP_011410928.1	208.0	115.0	1.808695652173913	False
MRSS_00691	0	NaN	585	WP_011410930.1	194.0	195.0	0.9948717948717948	False
MRSS_00692	0	NaN	828	WP_011410931.1	275.0	286.0	0.9615384615384616	False
MRSS_00693	0	NaN	189	WP_011410432.1	62.0	66.0	0.9393939393939394	False
MRSS_00694	0	NaN	609	WP_011410434.1	202.0	208.0	0.971153846153846	False
MRSS_00695	0	NaN	687	WP_011412023.1	228.0	213.0	1.0704225352112675	False
MRSS_00696	0	NaN	1107	WP_011412137.1	368.0	368.0	1.0	False
MRSS_00697	0	NaN	702	WP_011409982.1	233.0	233.0	1.0	False
MRSS_00698	0	NaN	1485	WP_011409981.1	494.0	494.0	1.0	False
MRSS_00699	0	NaN	300	WP_011409978.1	99.0	232.0	0.4267241379310345	True
MRSS_00700	0	NaN	594	WP_011409976.1	197.0	544.0	0.3621323529411764	True
MRSS_00701	0	NaN	921	WP_011409976.1	306.0	544.0	0.5625	True
MRSS_00702	0	NaN	465	WP_011409974.1	154.0	252.0	0.6111111111111112	True
MRSS_00703	0	NaN	1575	WP_011409973.1	524.0	531.0	0.9868173258003766	False
MRSS_00704	0	NaN	222	WP_011410267.1	73.0	819.0	0.0891330891330891	True
MRSS_00705	0	NaN	1215	WP_011412020.1	404.0	404.0	1.0	False
MRSS_00706	0	NaN	459	WP_041867250.1	152.0	152.0	1.0	False
MRSS_00707	0	NaN	174	WP_011410266.1	57.0	238.0	0.2394957983193277	True
MRSS_00708	0	NaN	657	WP_011411740.1	218.0	218.0	1.0	False
MRSS_00709	0	NaN	165	WP_011410206.1	54.0	764.0	0.0706806282722513	True
MRSS_00710	0	NaN	303	WP_011412152.1	100.0	233.0	0.4291845493562232	True
MRSS_00711	0	NaN	825	WP_011412153.1	274.0	274.0	1.0	False
MRSS_00712	0	NaN	444	WP_011412154.1	147.0	850.0	0.1729411764705882	True
MRSS_00713	0	NaN	543	WP_011412154.1	180.0	850.0	0.2117647058823529	True
MRSS_00714	0	NaN	165	WP_011412064.1	54.0	329.0	0.1641337386018237	True
MRSS_00715	0	NaN	132	WP_041867717.1	43.0	313.0	0.1373801916932907	True
MRSS_00716	0	NaN	1218	WP_083765040.1	405.0	405.0	1.0	False
MRSS_00717	0	NaN	1302	WP_011411003.1	433.0	182.0	2.379120879120879	False
MRSS_00718	0	NaN	189	WP_011410572.1	62.0	196.0	0.3163265306122449	True
MRSS_00719	0	NaN	105	WP_011279192.1	34.0	401.0	0.084788029925187	True
MRSS_00720	0	NaN	138	WP_011410284.1	45.0	161.0	0.2795031055900621	True
MRSS_00721	0	NaN	330	WP_011410553.1	109.0	109.0	1.0	False
MRSS_00722	0	NaN	2112	WP_011410552.1	703.0	734.0	0.957765667574932	False
MRSS_00723	0	NaN	552	WP_011410551.1	183.0	183.0	1.0	False
MRSS_00724	0	NaN	300	WP_011410550.1	99.0	177.0	0.559322033898305	True
MRSS_00725	0	NaN	2613	WP_011411228.1	870.0	862.0	1.0092807424593968	False
MRSS_00726	0	NaN	165	WP_041866930.1	54.0	454.0	0.118942731277533	True
MRSS_00727	0	NaN	987	WP_011411727.1	328.0	328.0	1.0	False
MRSS_00728	0	NaN	105	WP_011410474.1	34.0	114.0	0.2982456140350877	True
MRSS_00729	0	NaN	432	WP_011411455.1	143.0	361.0	0.3961218836565097	True
MRSS_00730	0	NaN	444	WP_011411226.1	147.0	348.0	0.4224137931034483	True
MRSS_00731	0	NaN	210	WP_011412213.1	69.0	126.0	0.5476190476190477	True
MRSS_00732	0	NaN	819	WP_011412214.1	272.0	272.0	1.0	False
MRSS_00733	0	NaN	240	WP_000429386.1	79.0	79.0	1.0	False
MRSS_00734	0	NaN	471	WP_011412215.1	156.0	156.0	1.0	False
MRSS_00735	0	NaN	534	WP_011412216.1	177.0	177.0	1.0	False
MRSS_00736	0	NaN	1542	WP_011412217.1	513.0	513.0	1.0	False
MRSS_00737	0	NaN	864	WP_011412218.1	287.0	287.0	1.0	False
MRSS_00738	0	NaN	1383	WP_011412219.1	460.0	460.0	1.0	False
MRSS_00739	0	NaN	420	WP_011412220.1	139.0	140.0	0.9928571428571428	False
MRSS_00740	0	NaN	1377	WP_011412221.1	458.0	458.0	1.0	False
MRSS_00741	0	NaN	1833	WP_011412222.1	610.0	610.0	1.0	False
MRSS_00742	0	NaN	1461	WP_011411198.1	486.0	486.0	1.0	False
MRSS_00743	0	NaN	1812	WP_011412040.1	603.0	603.0	1.0	False
MRSS_00744	0	NaN	942	WP_011412004.1	313.0	310.0	1.0096774193548388	False
MRSS_00745	0	NaN	1050	WP_011412005.1	349.0	349.0	1.0	False
MRSS_00746	0	NaN	987	WP_011412006.1	328.0	322.0	1.0186335403726707	False
MRSS_00747	0	NaN	126	WP_011411000.1	41.0	307.0	0.1335504885993485	True
MRSS_00748	0	NaN	1275	WP_011411268.1	424.0	424.0	1.0	False
MRSS_00749	0	NaN	864	WP_011412107.1	287.0	288.0	0.9965277777777778	False
MRSS_00750	0	NaN	864	WP_011412025.1	287.0	287.0	1.0	False
MRSS_00751	0	NaN	144	WP_011410116.1	47.0	582.0	0.0807560137457044	True
MRSS_00752	0	NaN	204	WP_011410087.1	67.0	191.0	0.3507853403141361	True
MRSS_00753	0	NaN	807	WP_011411675.1	268.0	264.0	1.0151515151515151	False
MRSS_00754	0	NaN	726	WP_011411674.1	241.0	241.0	1.0	False
MRSS_00755	0	NaN	852	WP_011411673.1	283.0	285.0	0.9929824561403509	False
MRSS_00756	0	NaN	726	WP_011411672.1	241.0	241.0	1.0	False
MRSS_00757	0	NaN	558	WP_011411671.1	185.0	185.0	1.0	False
MRSS_00758	0	NaN	1197	WP_011411670.1	398.0	398.0	1.0	False
MRSS_00759	0	NaN	762	WP_011411669.1	253.0	253.0	1.0	False
MRSS_00760	0	NaN	858	WP_011411668.1	285.0	285.0	1.0	False
MRSS_00761	0	NaN	1356	WP_011411667.1	451.0	451.0	1.0	False
MRSS_00762	0	NaN	2427	WP_011411666.1	808.0	808.0	1.0	False
MRSS_00763	0	NaN	498	WP_011411665.1	165.0	165.0	1.0	False
MRSS_00764	0	NaN	1023	WP_011411664.1	340.0	340.0	1.0	False
MRSS_00765	0	NaN	456	WP_011411663.1	151.0	151.0	1.0	False
MRSS_00766	0	NaN	789	WP_011411662.1	262.0	262.0	1.0	False
MRSS_00767	0	NaN	1149	WP_011411661.1	382.0	382.0	1.0	False
MRSS_00768	0	NaN	3483	WP_011411659.1	1160.0	1160.0	1.0	False
MRSS_00769	0	NaN	960	WP_011411658.1	319.0	319.0	1.0	False
MRSS_00770	0	NaN	1290	WP_083764793.1	429.0	455.0	0.9428571428571428	False
MRSS_00771	0	NaN	264	WP_011410636.1	87.0	312.0	0.2788461538461538	True
MRSS_00772	0	NaN	162	WP_011410451.1	53.0	264.0	0.2007575757575757	True
MRSS_00773	0	NaN	111	WP_041866989.1	36.0	1295.0	0.0277992277992277	True
MRSS_00774	0	NaN	957	WP_011411752.1	318.0	318.0	1.0	False
MRSS_00775	0	NaN	111	WP_083764717.1	36.0	210.0	0.1714285714285714	True
MRSS_00776	0	NaN	360	WP_011411556.1	119.0	345.0	0.344927536231884	True
MRSS_00777	0	NaN	624	WP_011410599.1	207.0	192.0	1.078125	False
MRSS_00778	0	NaN	771	WP_011411708.1	256.0	290.0	0.8827586206896552	False
MRSS_00779	0	NaN	795	WP_011411707.1	264.0	264.0	1.0	False
MRSS_00780	0	NaN	639	WP_011411269.1	212.0	212.0	1.0	False
MRSS_00781	0	NaN	813	WP_011412114.1	270.0	270.0	1.0	False
MRSS_00782	0	NaN	681	WP_011412113.1	226.0	226.0	1.0	False
MRSS_00783	0	NaN	99	WP_011411613.1	32.0	599.0	0.0534223706176961	True
MRSS_00784	0	NaN	1005	WP_011412112.1	334.0	334.0	1.0	False
MRSS_00785	0	NaN	639	WP_011412047.1	212.0	207.0	1.0241545893719808	False
MRSS_00786	0	NaN	99	WP_011410244.1	32.0	705.0	0.0453900709219858	True
MRSS_00787	0	NaN	78	NaN	NaN	NaN	NaN	False
MRSS_00788	1	34.0	75	NaN	NaN	NaN	NaN	True
MRSS_00789	1	1.0	453	NaN	NaN	NaN	NaN	True
MRSS_00790	0	NaN	1731	WP_011411171.1	576.0	576.0	1.0	False
MRSS_00791	0	NaN	1062	WP_011411355.1	353.0	411.0	0.8588807785888077	False
MRSS_00792	0	NaN	2985	WP_011410912.1	994.0	1187.0	0.8374052232518955	False
MRSS_00793	0	NaN	957	WP_011410913.1	318.0	318.0	1.0	False
MRSS_00794	0	NaN	621	WP_011412038.1	206.0	195.0	1.0564102564102564	False
MRSS_00795	0	NaN	1305	WP_011410933.1	434.0	434.0	1.0	False
MRSS_00796	0	NaN	1458	WP_011410943.1	485.0	456.0	1.0635964912280702	False
MRSS_00797	0	NaN	630	WP_011410944.1	209.0	209.0	1.0	False
MRSS_00798	0	NaN	1149	WP_011410945.1	382.0	369.0	1.0352303523035231	False
MRSS_00799	0	NaN	144	WP_011411902.1	47.0	665.0	0.0706766917293233	True
MRSS_00800	0	NaN	849	WP_011410645.1	282.0	284.0	0.9929577464788732	False
MRSS_00801	0	NaN	1431	WP_011410442.1	476.0	475.0	1.0021052631578948	False
MRSS_00802	0	NaN	1575	WP_011410441.1	524.0	526.0	0.9961977186311788	False
MRSS_00803	0	NaN	2667	WP_011410440.1	888.0	888.0	1.0	False
MRSS_00804	0	NaN	1515	WP_011411984.1	504.0	504.0	1.0	False
MRSS_00805	0	NaN	240	WP_011411983.1	79.0	79.0	1.0	False
MRSS_00806	0	NaN	1170	WP_011411233.1	389.0	389.0	1.0	False
MRSS_00807	0	NaN	621	WP_011411822.1	206.0	206.0	1.0	False
MRSS_00808	0	NaN	837	WP_011411225.1	278.0	297.0	0.936026936026936	False
MRSS_00809	0	NaN	744	WP_011411088.1	247.0	247.0	1.0	False
MRSS_00810	0	NaN	1332	WP_011411981.1	443.0	443.0	1.0	False
MRSS_00811	0	NaN	549	WP_011411980.1	182.0	182.0	1.0	False
MRSS_00812	0	NaN	231	WP_011411979.1	76.0	276.0	0.2753623188405797	True
MRSS_00813	0	NaN	2196	WP_011411978.1	731.0	731.0	1.0	False
MRSS_00814	0	NaN	231	WP_011411977.1	76.0	71.0	1.0704225352112675	False
MRSS_00815	0	NaN	1038	WP_011409989.1	345.0	345.0	1.0	False
MRSS_00816	0	NaN	978	WP_011409990.1	325.0	319.0	1.0188087774294672	False
MRSS_00817	0	NaN	1674	WP_011410483.1	557.0	744.0	0.7486559139784946	True
MRSS_00818	0	NaN	159	WP_083764717.1	52.0	210.0	0.2476190476190476	True
MRSS_00819	0	NaN	516	WP_011411104.1	171.0	171.0	1.0	False
MRSS_00820	0	NaN	294	WP_011411431.1	97.0	199.0	0.4874371859296482	True
MRSS_00821	0	NaN	1209	WP_041866795.1	402.0	407.0	0.9877149877149876	False
MRSS_00822	0	NaN	603	WP_011410395.1	200.0	200.0	1.0	False
MRSS_00823	0	NaN	147	WP_011410636.1	48.0	312.0	0.1538461538461538	True
MRSS_00824	0	NaN	1092	WP_011411826.1	363.0	363.0	1.0	False
MRSS_00825	0	NaN	1242	WP_011410938.1	413.0	414.0	0.997584541062802	False
MRSS_00826	0	NaN	690	WP_011410937.1	229.0	229.0	1.0	False
MRSS_00827	0	NaN	1203	WP_011410936.1	400.0	400.0	1.0	False
MRSS_00828	0	NaN	699	WP_011411711.1	232.0	231.0	1.0043290043290043	False
MRSS_00829	0	NaN	285	WP_011410855.1	94.0	94.0	1.0	False
MRSS_00830	0	NaN	1680	WP_011410854.1	559.0	558.0	1.0017921146953406	False
MRSS_00831	0	NaN	681	WP_011410853.1	226.0	227.0	0.9955947136563876	False
MRSS_00832	0	NaN	1275	WP_011410852.1	424.0	435.0	0.9747126436781608	False
MRSS_00833	0	NaN	348	WP_011410302.1	115.0	115.0	1.0	False
MRSS_00834	0	NaN	747	WP_011410301.1	248.0	251.0	0.9880478087649402	False
MRSS_00835	0	NaN	459	WP_011410300.1	152.0	182.0	0.8351648351648352	False
MRSS_00836	0	NaN	261	WP_011410519.1	86.0	82.0	1.048780487804878	False
MRSS_00837	0	NaN	1371	WP_011410518.1	456.0	453.0	1.0066225165562914	False
MRSS_00838	0	NaN	237	WP_011410517.1	78.0	262.0	0.2977099236641221	True
MRSS_00839	0	NaN	1731	WP_011411077.1	576.0	576.0	1.0	False
MRSS_00840	0	NaN	2787	WP_011412046.1	928.0	927.0	1.0010787486515642	False
MRSS_00841	0	NaN	1596	WP_011410255.1	531.0	529.0	1.003780718336484	False
MRSS_00842	0	NaN	414	WP_011410253.1	137.0	137.0	1.0	False
MRSS_00843	0	NaN	1254	WP_011411599.1	417.0	417.0	1.0	False
MRSS_00844	0	NaN	1497	WP_011411580.1	498.0	488.0	1.0204918032786885	False
MRSS_00845	0	NaN	1164	WP_011411581.1	387.0	393.0	0.9847328244274808	False
MRSS_00846	0	NaN	627	WP_011411582.1	208.0	204.0	1.0196078431372548	False
MRSS_00847	0	NaN	1275	WP_011411583.1	424.0	424.0	1.0	False
MRSS_00848	0	NaN	1122	WP_011411584.1	373.0	373.0	1.0	False
MRSS_00849	0	NaN	573	WP_011411585.1	190.0	319.0	0.5956112852664577	True
MRSS_00850	0	NaN	267	WP_011412178.1	88.0	288.0	0.3055555555555556	True
MRSS_00851	0	NaN	1185	WP_011411587.1	394.0	393.0	1.0025445292620865	False
MRSS_00852	0	NaN	432	WP_011411588.1	143.0	143.0	1.0	False
MRSS_00853	0	NaN	126	WP_243466006.1	41.0	80.0	0.5125	True
MRSS_00854	0	NaN	96	WP_011411072.1	31.0	1314.0	0.0235920852359208	True
MRSS_00855	0	NaN	1293	WP_011411592.1	430.0	431.0	0.9976798143851509	False
MRSS_00856	0	NaN	1182	WP_011411593.1	393.0	399.0	0.9849624060150376	False
MRSS_00857	0	NaN	828	WP_011411596.1	275.0	267.0	1.0299625468164797	False
MRSS_00858	0	NaN	3450	WP_011410935.1	1149.0	1150.0	0.9991304347826088	False
MRSS_00859	0	NaN	255	WP_011410942.1	84.0	223.0	0.3766816143497757	True
MRSS_00860	0	NaN	99	WP_011410942.1	32.0	223.0	0.1434977578475336	True
MRSS_00861	0	NaN	618	WP_011409882.1	205.0	205.0	1.0	False
MRSS_00862	0	NaN	426	WP_011411841.1	141.0	187.0	0.7540106951871658	False
MRSS_00863	0	NaN	330	WP_011411840.1	109.0	109.0	1.0	False
MRSS_00864	0	NaN	891	WP_011409992.1	296.0	394.0	0.751269035532995	False
MRSS_00865	0	NaN	2106	WP_011412092.1	701.0	701.0	1.0	False
MRSS_00866	0	NaN	471	WP_011412093.1	156.0	156.0	1.0	False
MRSS_00867	0	NaN	375	WP_011412094.1	124.0	124.0	1.0	False
MRSS_00868	0	NaN	288	WP_011412095.1	95.0	95.0	1.0	False
MRSS_00869	0	NaN	360	WP_011412096.1	119.0	119.0	1.0	False
MRSS_00870	0	NaN	372	WP_011412097.1	123.0	130.0	0.946153846153846	False
MRSS_00871	0	NaN	219	WP_011410890.1	72.0	356.0	0.2022471910112359	True
MRSS_00872	0	NaN	423	WP_011412239.1	140.0	144.0	0.9722222222222222	False
MRSS_00873	0	NaN	1650	WP_011411958.1	549.0	549.0	1.0	False
MRSS_00874	0	NaN	1803	WP_011410246.1	600.0	622.0	0.964630225080386	False
MRSS_00875	0	NaN	2124	WP_011410244.1	707.0	705.0	1.002836879432624	False
MRSS_00876	0	NaN	270	WP_011410243.1	89.0	89.0	1.0	False
MRSS_00877	0	NaN	933	WP_011410242.1	310.0	311.0	0.9967845659163987	False
MRSS_00878	0	NaN	417	WP_011410241.1	138.0	138.0	1.0	False
MRSS_00879	0	NaN	2655	WP_011410240.1	884.0	894.0	0.988814317673378	False
MRSS_00880	0	NaN	1488	WP_011410239.1	495.0	495.0	1.0	False
MRSS_00881	0	NaN	459	WP_011410238.1	152.0	150.0	1.0133333333333334	False
MRSS_00882	1	37.0	78	NaN	NaN	NaN	NaN	True
MRSS_00883	1	34.0	87	NaN	NaN	NaN	NaN	True
MRSS_00884	0	NaN	333	WP_011410237.1	110.0	110.0	1.0	False
MRSS_00885	0	NaN	1419	WP_011410236.1	472.0	445.0	1.060674157303371	False
MRSS_00886	0	NaN	849	WP_011410235.1	282.0	281.0	1.00355871886121	False
MRSS_00887	0	NaN	1914	WP_011410234.1	637.0	643.0	0.9906687402799378	False
MRSS_00888	0	NaN	630	WP_011410233.1	209.0	209.0	1.0	False
MRSS_00889	0	NaN	1113	WP_011411966.1	370.0	370.0	1.0	False
MRSS_00890	0	NaN	201	WP_011411954.1	66.0	819.0	0.0805860805860805	True
MRSS_00891	0	NaN	375	WP_011411251.1	124.0	124.0	1.0	False
MRSS_00892	0	NaN	1506	WP_011411252.1	501.0	495.0	1.0121212121212122	False
MRSS_00893	0	NaN	744	WP_011411253.1	247.0	248.0	0.995967741935484	False
MRSS_00894	0	NaN	1287	WP_011411254.1	428.0	428.0	1.0	False
MRSS_00895	0	NaN	1263	WP_011411255.1	420.0	407.0	1.031941031941032	False
MRSS_00896	0	NaN	417	WP_011411256.1	138.0	138.0	1.0	False
MRSS_00897	0	NaN	297	WP_011411244.1	98.0	98.0	1.0	False
MRSS_00898	0	NaN	2388	WP_011411243.1	795.0	795.0	1.0	False
MRSS_00899	0	NaN	984	WP_011411242.1	327.0	327.0	1.0	False
MRSS_00900	0	NaN	366	WP_011411241.1	121.0	118.0	1.0254237288135593	False
MRSS_00901	0	NaN	198	WP_011411240.1	65.0	65.0	1.0	False
MRSS_00902	0	NaN	525	WP_071882016.1	174.0	180.0	0.9666666666666668	False
MRSS_00903	0	NaN	1929	WP_011411239.1	642.0	642.0	1.0	False
